{
  "water_density": 1.0,
  "sand_gravity": 0.144304,
  "copperThresholdBase": 0.141617,
  "metalThresholdBase": 0.139621,
  "mud_viscosity": 0.135723,
  "oil_viscosity": 0.119771,
  "charge_decay_rate": 0.117618,
  "lava_viscosity": 0.110712,
  "water_boil_point": 0.100994,
  "sand_melt_point": 0.091417,
  "vibration_decay_rate": 0.080239,
  "wood_density": 0.07428,
  "ice_density": 0.071017,
  "ash_pH_value": 0.070852,
  "stone_density": 0.066886,
  "dirt_density": 0.062274,
  "metal_density": 0.061937,
  "aging_corrosion_boost": 0.060454,
  "oil_density": 0.060268,
  "stress_failure_multiplier": 0.060024,
  "saturation_threshold": 0.059491,
  "pH_diffusion_rate": 0.058129,
  "sand_density": 0.056471,
  "lava_density": 0.056201,
  "water_gravity": 0.046928,
  "momentum_accumulation_rate": 0.046175,
  "salt_dissolve_rate": 0.044646,
  "metalDepth": 0.040253,
  "ice_melt_point": 0.033131,
  "wind_variation_strength": 0.032585,
  "co2_dissolve_rate": 0.030256,
  "aging_flammability_boost": 0.029873,
  "sulfurNearLava": 0.026859,
  "water_freeze_point": 0.020293,
  "dirtDepthVariance": 0.019418,
  "copperDepth": 0.019169,
  "woodPetrify": 0.018265,
  "dirtDepthBase": 0.018063,
  "evaporation_rate": 0.016299,
  "stoneWeatherCrumble": 0.016039,
  "coalSeamThickness": 0.014832,
  "fungalGrowth": 0.013472,
  "light_falloff_rate": 0.013251,
  "stoneLavaCrack": 0.012184,
  "caveDensity": 0.011983,
  "seedScatter": 0.011738,
  "waterLevel": 0.01139,
  "coalMaxDepthFrac": 0.010317,
  "compostDepth": 0.01011,
  "vegetation": 0.009956,
  "algaeInWater": 0.009752,
  "copperSpread": 0.009631,
  "metalFallResist": 0.009484,
  "waterBubbleRate": 0.009231,
  "electrolysis_charge_threshold": 0.008815,
  "fire_spread_prob": 0.008811,
  "metalSpread": 0.00841,
  "dirtAshAbsorb": 0.00784,
  "woodAnoxicPyrolysis": 0.007835,
  "acid_pH_value": 0.0076,
  "erosion_rate": 0.007358,
  "waterAcidPlantDamage": 0.006785,
  "coalSeams": 0.006748,
  "oreRichness": 0.006601,
  "clayNearWater": 0.00657,
  "saltDeposits": 0.006423,
  "co2InCaves": 0.006279,
  "terrainScale": 0.006053,
  "vibration_propagation_factor": 0.005985,
  "metalSaltRustRate": 0.005529,
  "volcanicActivity": 0.005524,
  "glassLavaMeltBase": 0.005259,
  "conductiveVeins": 0.005151,
  "stoneThinSupport": 0.005131,
  "woodWaterAbsorb": 0.005002,
  "metalHotWoodChar": 0.004612,
  "flowerO2Rate": 0.004394,
  "snowFreezeWater": 0.004379,
  "photosynthesis_threshold": 0.003992,
  "lavaEruptionOpen": 0.003927,
  "fireLifetimeBase": 0.003901,
  "insulatingLayers": 0.003624,
  "saltPlantKill": 0.003289,
  "lavaDryMud": 0.00317,
  "waterSedimentDeposit": 0.003087,
  "rustCrumble": 0.003049,
  "steamTrappedSeep": 0.002947,
  "snowWindDrift": 0.002685,
  "fire_light_emission": 0.002602,
  "metalRustRate": 0.002554,
  "plantSeedRateOld": 0.002548,
  "mossO2Rate": 0.002527,
  "fireOilLifetimeVar": 0.002501,
  "sandToMudRate": 0.002497,
  "plantTreeRootGrow": 0.002309,
  "stoneFrostCrumble": 0.002206,
  "waterSmokeDissolve": 0.002163,
  "woodBurnoutVar": 0.002156,
  "fungusDeathToCompost": 0.00205,
  "algaeO2Rate": 0.001992,
  "algaeBloomDieoff": 0.001963,
  "lavaEruptionPressured": 0.001794,
  "waterSeepageRate": 0.001783,
  "fungusAshDecompose": 0.001681,
  "webWaterDissolve": 0.001639,
  "fungusSporulate": 0.00156,
  "plantAcidDamage": 0.001519,
  "honeyCrystallize": 0.001469,
  "metalSaltRustAlkaline": 0.001446,
  "fungusWoodRot": 0.001425,
  "plantDecomposeRate": 0.001394,
  "lavaCoolIsolated": 0.00127,
  "stoneWeatherWater": 0.001254,
  "lavaSpatter": 0.001237,
  "waterPlantDamage": 0.001227,
  "fungusDirtSpread": 0.001225,
  "waterPressurePush": 0.001203,
  "lava_light_emission": 0.00119,
  "iceRegelation": 0.001157,
  "compostDryToDirt": 0.001107,
  "avalancheStandard": 0.001079,
  "acidIceMelt": 0.001072,
  "waterSandErosion": 0.00106,
  "avalancheExtended": 0.001017,
  "algaeGrowRate": 0.001008,
  "fireOilChainIgnite": 0.000979,
  "acidLifetimeVar": 0.000959,
  "snowMeltRateDay": 0.000951,
  "lavaCoolingVar": 0.000919,
  "plantSeedRateYoung": 0.000863,
  "snowMeltRateNight": 0.000852,
  "stoneFrostWeather": 0.000852,
  "plantMushroomSpread": 0.000813,
  "bubbleWobble": 0.000811,
  "waterDirtErosion": 0.000779,
  "lavaGasEmit": 0.000775,
  "sporeFallRate": 0.000757,
  "lavaSmokeEmit": 0.000748,
  "acidWaterDilute": 0.000739,
  "webDecayLife": 0.000718,
  "fireLifetimeVar": 0.000699,
  "lavaCoolIsolatedVar": 0.000688,
  "dirtFlowingErosion": 0.000671,
  "fungusMethane": 0.000669,
  "waterHydraulicRate": 0.000645,
  "woodBurnoutBase": 0.000639,
  "copperPatinaBase": 0.00063,
  "honeyCrystallizeLife": 0.000603,
  "vineO2Rate": 0.000602,
  "fireWoodPyrolysis": 0.000589,
  "saltDeiceRate": 0.000585,
  "acidLifetimeBase": 0.000577,
  "fireOilLifetimeBase": 0.00053,
  "plantGrassSpread": 0.000524,
  "seaweedBloomThreshold": 0.000508,
  "seaweedBloomDieoff": 0.000484,
  "compostNutrient": 0.000483,
  "seaweedCO2Absorb": 0.00048,
  "mossCO2Absorb": 0.000452,
  "metalCondensation": 0.000429,
  "seaweedO2Rate": 0.000393,
  "lavaCoolPartialVar": 0.000377,
  "lavaCoolPartial": 0.000369,
  "algaeBloomThreshold": 0.000364,
  "fungus_light_max": 0.00035,
  "plantO2Produce": 0.000349,
  "vineAcidDamage": 0.000346,
  "saltDissolveRate": 0.000342,
  "woodCharcoalChance": 0.000331,
  "woodFireSpread": 0.000328,
  "snowAvalanche": 0.000328,
  "acidSnowMelt": 0.000328,
  "fireOxygenConsume": 0.000328,
  "lavaMeltMetal": 0.000325,
  "sandToMudSubmergedRate": 0.000318,
  "steamAltitudeRain": 0.000317,
  "lavaCoolingBase": 0.000309,
  "dirtWaterErosionBase": 0.000297,
  "metalHotIgniteRate": 0.000274,
  "mudProximityDry": 0.000257,
  "plantTreeBranch": 0.000247,
  "mudContactDry": 0.000242,
  "sulfurTarnishRate": 0.000235,
  "iceAmbientMeltNight": 0.000232,
  "stoneNoLateralFall": 0.000223,
  "acidWaterBubble": 0.000216,
  "steamDeposition": 0.000215,
  "methaneLateralDrift": 0.000207,
  "glassLavaMeltVar": 0.000204,
  "iceAmbientMeltDay": 0.000195,
  "fireBurnoutSmoke": 0.000178,
  "waterMomentumReset": 0.000174,
  "waterTntDissolve": 0.000171,
  "waterStoneExit": 0.000168,
  "fireFlicker": 0.000162,
  "acidLavaReact": 0.000144,
  "antExplorerWander": 0.000143,
  "lavaIgniteFlammable": 0.000138,
  "fireLateralShimmy": 0.000131,
  "ashAvalanche": 0.000125,
  "lavaSandToGlass": 0.000115,
  "lavaSteamEmit": 0.000107,
  "ashLateralDrift": 0.000106,
  "waterRainbowSpread": 0.000104,
  "flowerAcidDamage": 0.000103,
  "lavaEruptThreshHigh": 9.7e-05,
  "algaeCO2Absorb": 9.6e-05,
  "steamIceCondense": 7.6e-05,
  "glassThermalShatter": 6.7e-05,
  "thornDamage": 6.3e-05,
  "compostMethane": 6e-05,
  "lavaEruptThreshLow": 4.9e-05,
  "firePlantIgnite": 4.9e-05,
  "smokeLateralDrift": 4.7e-05,
  "copperAcidRate": 3.5e-05,
  "sporeDriftRate": 3.4e-05,
  "antBlobDisperse": 2.9e-05,
  "plantTreeBranchSkip": 2.4e-05,
  "woodWetBurn": 1.8e-05,
  "hydrogenDrift": 1.5e-05
}